{"cameraMode":{"drawMode":0,"name":"Shaded","section":"Shading Mode"},"sceneLighting":true,"audioPlay":false,"sceneViewState":{"m_AlwaysRefresh":false,"showFog":true,"showSkybox":false,"showFlares":true,"showImageEffects":true,"showParticleSystems":true,"showVisualEffectGraphs":true,"m_FxEnabled":true},"in2DMode":false,"pivot":{"x":0.06319451332092285,"y":3.2309999465942385,"z":1.018975019454956},"rotation":{"x":-0.27754470705986025,"y":-0.40826359391212466,"z":0.13181868195533753,"w":-0.8596032857894898},"size":5.427515983581543,"orthographic":false}