{"cameraMode":{"drawMode":0,"name":"Shaded","section":"Shading Mode"},"sceneLighting":true,"audioPlay":false,"sceneViewState":{"m_AlwaysRefresh":false,"showFog":true,"showSkybox":true,"showFlares":true,"showImageEffects":true,"showParticleSystems":true,"showVisualEffectGraphs":true,"m_FxEnabled":true},"in2DMode":false,"pivot":{"x":339.80560302734377,"y":224.4363250732422,"z":-166.46937561035157},"rotation":{"x":-0.06476107984781265,"y":-0.00988197885453701,"z":0.0006409114575944841,"w":-0.9978531002998352},"size":237.48541259765626,"orthographic":false}